image_filename,destination_name,source_url,license,date_downloaded,downloaded_by
mirissa_1.jpg,Mirissa Beach,https://upload.wikimedia.org/wikipedia/commons/a/a5/Mirissa-Plage_%283%29.jpg,https://creativecommons.org/licenses/by-sa/3.0,28/07/2026,Amantha
unawatuna_1.jpg,Unawatuna Beach,https://upload.wikimedia.org/wikipedia/commons/thumb/8/83/Unawatuna.jpg/960px-Unawatuna.jpg,https://creativecommons.org/licenses/by-sa/3.1,28/07/2027,Amantha
hikkaduwa_1.jpg,Hikkaduwa Beach,https://upload.wikimedia.org/wikipedia/commons/thumb/6/68/Hikkaduwa_beach_beauty.jpg/1920px-Hikkaduwa_beach_beauty.jpg?_=20200506054358,https://creativecommons.org/licenses/by-sa/3.2,28/07/2028,Amantha
polhena_1.jpg,Polhena Beach,https://www.attractionsinsrilanka.com/wp-content/uploads/2020/02/Polhena-Beach-1.jpg,https://creativecommons.org/licenses/by-sa/3.3,28/07/2029,Amantha
tangalle_1.jpg,Tangalle Beach,https://upload.wikimedia.org/wikipedia/commons/thumb/4/4f/Goyambokka_Beach%2C_Tangalle%2C_Sri_Lanka.jpg/1920px-Goyambokka_Beach%2C_Tangalle%2C_Sri_Lanka.jpg?_=20250624132305,https://creativecommons.org/licenses/by-sa/3.4,28/07/2030,Amantha
hiriketiya_1.jpg,Hiriketiya Beach,https://travelmadmum.com/wp-content/uploads/2023/07/Hiriketiya-Beach-8-960x540.jpg.webp,https://creativecommons.org/licenses/by-sa/3.5,28/07/2031,Amantha
nilaveli_1.jpg,Nilaveli Beach,https://upload.wikimedia.org/wikipedia/commons/2/28/Nilaveli_Beach_%2831254637808%29.jpg?_=20201124050209,https://creativecommons.org/licenses/by-sa/3.6,28/07/2032,Amantha
bentota_1.jpg,Bentota Beach,https://upload.wikimedia.org/wikipedia/commons/thumb/c/c5/Sri_Lanka%2C_Bentota%2C_beach_%282%29.JPG/960px-Sri_Lanka%2C_Bentota%2C_beach_%282%29.JPG,https://creativecommons.org/licenses/by-sa/3.7,28/07/2033,Amantha
dickwella_1.jpg,Dickwella Beach,https://upload.wikimedia.org/wikipedia/commons/thumb/d/df/Dickwella-Beach_Pehambiya-Headland_Southern_Sri-Lanka.jpg/960px-Dickwella-Beach_Pehambiya-Headland_Southern_Sri-Lanka.jpg,https://creativecommons.org/licenses/by-sa/3.8,28/07/2034,Amantha
arugam_bay_1.jpg,Arugam Bay,https://upload.wikimedia.org/wikipedia/commons/thumb/0/0c/Arugam_bay_beach.jpg/960px-Arugam_bay_beach.jpg,https://creativecommons.org/licenses/by-sa/3.9,28/07/2035,Amantha
casuarina_beach_1.jpg,Casuarina Beach,https://upload.wikimedia.org/wikipedia/commons/thumb/8/8e/Casuarina_beach_Sri_Lanka.jpg/960px-Casuarina_beach_Sri_Lanka.jpg,https://creativecommons.org/licenses/by-sa/3.10,28/07/2036,Amantha
polonnaruwa_1.jpg,Polonnaruwa Ancient City,https://upload.wikimedia.org/wikipedia/commons/thumb/d/d1/Polonnaruwa_01.jpg/960px-Polonnaruwa_01.jpg,https://creativecommons.org/licenses/by-sa/3.14,28/07/2040,Amantha
anuradhapura_1.jpg,Anuradhapura Sacred City,https://upload.wikimedia.org/wikipedia/commons/thumb/d/d9/Anuradhapura_02.jpg/960px-Anuradhapura_02.jpg,https://creativecommons.org/licenses/by-sa/3.15,28/07/2041,Amantha
ridiviharaya_1.jpg,Ridi Viharaya (Silver Temple),https://upload.wikimedia.org/wikipedia/commons/thumb/0/01/Waraka_Welandu_Viharaya_Ridi_Viharaya.JPG/960px-Waraka_Welandu_Viharaya_Ridi_Viharaya.JPG,https://creativecommons.org/licenses/by-sa/3.16,28/07/2042,Amantha
kelaniya_1.jpg,Kelaniya Raja Maha Vihara,https://upload.wikimedia.org/wikipedia/commons/thumb/5/50/Kelaniya_Raja_Maha_Viharaya.jpg/960px-Kelaniya_Raja_Maha_Viharaya.jpg?_=20190623161828,https://creativecommons.org/licenses/by-sa/3.17,28/07/2043,Amantha
jetavanaramaya_1.jpg,Jetavanaramaya Stupa,https://upload.wikimedia.org/wikipedia/commons/thumb/4/4c/SL_Anuradhapura_asv2020-01_img24_Jetavanaramaya_Stupa.jpg/1920px-SL_Anuradhapura_asv2020-01_img24_Jetavanaramaya_Stupa.jpg?_=20200811030955,https://creativecommons.org/licenses/by-sa/3.18,28/07/2044,Amantha
gallelighthouse_1.jpg,Galle Fort Lighthouse,https://upload.wikimedia.org/wikipedia/commons/thumb/f/fd/Lighthouse_Galle%2C_Sri_Lanka.jpg/960px-Lighthouse_Galle%2C_Sri_Lanka.jpg,https://creativecommons.org/licenses/by-sa/3.19,28/07/2045,Amantha
sigiriya_rock_fortress_1.jpg,Sigiriya,https://upload.wikimedia.org/wikipedia/commons/thumb/c/c7/Sigiriya.jpg/960px-Sigiriya.jpg,,,
dambulla_cave_temple_1.jpg,Dambulla cave temple,https://upload.wikimedia.org/wikipedia/commons/thumb/d/d7/Mucalinda_in_Dambulla_cave_temple_%282015%29.jpg/960px-Mucalinda_in_Dambulla_cave_temple_%282015%29.jpg,,,
galle_fort_1.jpg,Galle Fort,https://upload.wikimedia.org/wikipedia/commons/thumb/a/ac/SL_Galle_Fort_asv2020-01_img23.jpg/960px-SL_Galle_Fort_asv2020-01_img23.jpg,,,
mihintale_1.jpg,Mihintale,https://upload.wikimedia.org/wikipedia/commons/thumb/a/aa/Mihintale_Rock.jpg/960px-Mihintale_Rock.jpg,,,
nalanda_gedige_1.jpg,Nalanda Gedige,https://upload.wikimedia.org/wikipedia/commons/thumb/b/ba/Nalanda_gedige_%28side_view%29.jpg/960px-Nalanda_gedige_%28side_view%29.jpg,,,
isurumuniya_1.jpg,Isurumuniya,https://upload.wikimedia.org/wikipedia/commons/thumb/1/1c/Isurumuniya_temple_02.jpg/960px-Isurumuniya_temple_02.jpg,,,
devon_falls_1.jpg,Devon Falls,https://upload.wikimedia.org/wikipedia/commons/thumb/a/a6/UG-LK_Photowalk_-_2018-03-25_-_Devon_Falls_%282%29.jpg/960px-UG-LK_Photowalk_-_2018-03-25_-_Devon_Falls_%282%29.jpg,,,
st._clairs_falls_1.jpg,St. Clair's Falls,https://upload.wikimedia.org/wikipedia/commons/thumb/f/f0/St.ClairsFalls-Srilanka.JPG/960px-St.ClairsFalls-Srilanka.JPG,,,
laxapana_falls_1.jpg,Laxapana Falls,https://upload.wikimedia.org/wikipedia/commons/thumb/2/25/Laxapana_Falls_%E2%9D%A4.jpg/960px-Laxapana_Falls_%E2%9D%A4.jpg,,,
aberdeen_falls_1.jpg,Aberdeen Falls,https://upload.wikimedia.org/wikipedia/commons/thumb/1/13/Aberdeen_Falls%2C_Sri_Lanka.jpg/960px-Aberdeen_Falls%2C_Sri_Lanka.jpg,,,
bopath_ella_falls_1.jpg,Bopath Ella Falls,https://upload.wikimedia.org/wikipedia/commons/thumb/c/c2/Bopath_Ella_Falls.jpg/960px-Bopath_Ella_Falls.jpg,,,
elgin_falls_1.jpg,Elgin Falls,https://upload.wikimedia.org/wikipedia/commons/thumb/5/5c/Elgine.JPG/960px-Elgine.JPG,,,
bakers_falls_1.jpg,Baker's Falls,https://upload.wikimedia.org/wikipedia/commons/thumb/c/c7/Baker%27s_fall.jpg/960px-Baker%27s_fall.jpg,,,
bomburu_ella_1.jpg,Bomburu Ella,https://upload.wikimedia.org/wikipedia/commons/thumb/d/df/Bomburu_ella_falls.jpg/960px-Bomburu_ella_falls.jpg,,,
pidurangala_rock_1.jpg,Pidurangala Rock,https://upload.wikimedia.org/wikipedia/commons/thumb/a/a3/Sigiriya_depuis_Pidurangala_%282%29.jpg/960px-Sigiriya_depuis_Pidurangala_%282%29.jpg,,,
adams_peak_1.jpg,Adam's Peak,https://upload.wikimedia.org/wikipedia/commons/thumb/b/b3/Adam%27s_Peak_-_February_2020_%284%29.jpg/960px-Adam%27s_Peak_-_February_2020_%284%29.jpg,,,
kirigalpotta_1.jpg,Kirigalpoththa,https://upload.wikimedia.org/wikipedia/commons/thumb/4/4e/Kirigalpoththa-SriLanka-April2010.JPG/960px-Kirigalpoththa-SriLanka-April2010.JPG,,,
bible_rock_1.jpg,Bible Rock,https://upload.wikimedia.org/wikipedia/commons/thumb/1/17/Bible_Rock.jpg/960px-Bible_Rock.jpg,,,
knuckles_mountain_range_1.jpg,Knuckles Mountain Range,https://upload.wikimedia.org/wikipedia/commons/thumb/b/b6/Knuckles_Mountain_Range_5.jpg/960px-Knuckles_Mountain_Range_5.jpg,,,
single_tree_hill_1.jpg,One Tree Hill,https://upload.wikimedia.org/wikipedia/commons/thumb/6/68/Single_tree_hill.jpg/960px-Single_tree_hill.jpg,,,
yala_national_park_1.jpg,Yala National Park,https://upload.wikimedia.org/wikipedia/commons/thumb/6/63/Black_bear_Yala_national_park.jpg/960px-Black_bear_Yala_national_park.jpg,,,
udawalawe_national_park_1.jpg,Udawalawe National Park,https://upload.wikimedia.org/wikipedia/commons/thumb/b/bd/Dead_Wood_in_the_Udawalawe_National_Park.jpg/960px-Dead_Wood_in_the_Udawalawe_National_Park.jpg,,,
wilpattu_national_park_1.jpg,Wilpattu National Park,https://upload.wikimedia.org/wikipedia/commons/thumb/8/8f/Sambar_Deer_at_Wilpattu_National_Park.jpg/960px-Sambar_Deer_at_Wilpattu_National_Park.jpg,,,
minneriya_national_park_1.jpg,Minneriya National Park,https://upload.wikimedia.org/wikipedia/commons/thumb/3/30/Elephants_of_Minneriya_National_Park%2C_Sri_Lanka.jpg/960px-Elephants_of_Minneriya_National_Park%2C_Sri_Lanka.jpg,,,
kaudulla_national_park_1.jpg,Kaudulla National Park,https://upload.wikimedia.org/wikipedia/commons/thumb/1/1c/Water_hole_at_Kaudulla_national_park%2C_Sri_Lanka.jpg/960px-Water_hole_at_Kaudulla_national_park%2C_Sri_Lanka.jpg,,,
horton_plains_national_park_1.jpg,Horton Plains National Park,https://upload.wikimedia.org/wikipedia/commons/thumb/4/40/Horton_Plains_River.jpg/960px-Horton_Plains_River.jpg,,,
bundala_national_park_1.jpg,Bundala National Park,https://upload.wikimedia.org/wikipedia/commons/thumb/5/5c/Bundala_National_Park.jpg/960px-Bundala_National_Park.jpg,,,
kumana_national_park_1.jpg,Kumana National Park,https://upload.wikimedia.org/wikipedia/commons/thumb/c/c0/Wet_Lands_of_Kumana_National_Park.jpg/960px-Wet_Lands_of_Kumana_National_Park.jpg,,,
wasgamuwa_national_park_1.jpg,Wasgamuwa National Park,https://upload.wikimedia.org/wikipedia/commons/thumb/b/b1/WasgamuwaNationalPark-September2014_%281%29.JPG/960px-WasgamuwaNationalPark-September2014_%281%29.JPG,,,
maduru_oya_national_park_1.jpg,Maduru Oya National Park,https://upload.wikimedia.org/wikipedia/commons/thumb/b/b5/A_Hill_in_Maduru_Oya.jpg/960px-A_Hill_in_Maduru_Oya.jpg,,,
gal_oya_national_park_1.jpg,Gal Oya National Park,https://upload.wikimedia.org/wikipedia/commons/thumb/f/f3/Gal_Oya_National_Park_%28Senanayake_Samudhraya%29.JPG/960px-Gal_Oya_National_Park_%28Senanayake_Samudhraya%29.JPG,,,
sinharaja_forest_reserve_1.jpg,Sinharaja Forest Reserve,https://upload.wikimedia.org/wikipedia/commons/thumb/e/e1/SL_Sinharaja_Forest_asv2020-01_img15.jpg/960px-SL_Sinharaja_Forest_asv2020-01_img15.jpg,,,
gangaramaya_temple_1.jpg,Gangaramaya Temple,https://upload.wikimedia.org/wikipedia/commons/thumb/9/9a/Gangaramaya_Temple.JPG/960px-Gangaramaya_Temple.JPG,,,
kelaniya_raja_maha_vihara_1.jpg,Kelaniya Raja Maha Vihara,https://upload.wikimedia.org/wikipedia/commons/thumb/c/c4/Kelaniya_Temple_%28Kelaniya_Raja_Maha_Vihara%29_%285440490106%29.jpg/960px-Kelaniya_Temple_%28Kelaniya_Raja_Maha_Vihara%29_%285440490106%29.jpg,,,
ruwanwelisaya_1.jpg,Ruwanwelisaya,https://upload.wikimedia.org/wikipedia/commons/thumb/0/04/SL_Anuradhapura_asv2020-01_img11_Ruwanwelisaya_Stupa.jpg/960px-SL_Anuradhapura_asv2020-01_img11_Ruwanwelisaya_Stupa.jpg,,,
jetavanaramaya_1.jpg,Jetavanaramaya,https://upload.wikimedia.org/wikipedia/commons/thumb/4/4c/SL_Anuradhapura_asv2020-01_img24_Jetavanaramaya_Stupa.jpg/960px-SL_Anuradhapura_asv2020-01_img24_Jetavanaramaya_Stupa.jpg,,,
abhayagiri_vihara_1.jpg,Abhayagiri Vihāra,https://upload.wikimedia.org/wikipedia/commons/thumb/8/8f/SL_Anuradhapura_asv2020-01_img31_Abhayagiriya_Stupa.jpg/960px-SL_Anuradhapura_asv2020-01_img31_Abhayagiriya_Stupa.jpg,,,
thuparamaya_1.jpg,Thuparamaya,https://upload.wikimedia.org/wikipedia/commons/thumb/e/ef/SL_Anuradhapura_asv2020-01_img34_Thuparamaya_Stupa.jpg/960px-SL_Anuradhapura_asv2020-01_img34_Thuparamaya_Stupa.jpg,,,
embekka_devalaya_1.jpg,Embekka Devalaya,https://upload.wikimedia.org/wikipedia/commons/thumb/f/f0/Embekka_Devalaya_%285%29.jpg/960px-Embekka_Devalaya_%285%29.jpg,,,
seetha_amman_temple_1.jpg,Seetha Amman Temple,https://upload.wikimedia.org/wikipedia/commons/thumb/d/d3/Seetha_amman_temple_2017-10-23_%282%29.jpg/960px-Seetha_amman_temple_2017-10-23_%282%29.jpg,,,
totapolakanda_1.jpg,Totapolakanda,https://upload.wikimedia.org/wikipedia/commons/thumb/4/48/Thotupola_kanda_1.JPG/960px-Thotupola_kanda_1.JPG,,,
namunukula_1.jpg,Namunukula,https://upload.wikimedia.org/wikipedia/commons/thumb/7/74/Namunukula.jpg/960px-Namunukula.jpg,,,
ritigala_1.jpg,Ritigala,https://upload.wikimedia.org/wikipedia/commons/thumb/f/f2/Pathway_to_Ritigala_Monastery_-SriLanka.png/960px-Pathway_to_Ritigala_Monastery_-SriLanka.png,,,
yapahuwa_1.jpg,Yapahuwa,https://upload.wikimedia.org/wikipedia/commons/thumb/b/b2/Yapahuwa_Staricase_2_cdm.jpg/960px-Yapahuwa_Staricase_2_cdm.jpg,,,
temple_of_the_tooth_1.jpg,Temple of the Tooth,https://upload.wikimedia.org/wikipedia/commons/thumb/f/f3/SL_Kandy_asv2020-01_img34_Sacred_Tooth_Temple.jpg/960px-SL_Kandy_asv2020-01_img34_Sacred_Tooth_Temple.jpg,,,
lankatilaka_vihara_1.jpg,Lankatilaka Vihara,https://upload.wikimedia.org/wikipedia/commons/thumb/4/4d/Lankatilaka_Vihara_-_Entr%C3%A9e.JPG/960px-Lankatilaka_Vihara_-_Entr%C3%A9e.JPG,,,
pidurangala_vihara_1.jpg,Pidurangala Vihara,https://upload.wikimedia.org/wikipedia/commons/thumb/a/a8/Pidurangala_Vihara.jpg/960px-Pidurangala_Vihara.jpg,,,
alakola_ella_1.jpg,Alakola Ella,https://upload.wikimedia.org/wikipedia/commons/thumb/3/38/Alakola_ella.jpg/960px-Alakola_ella.jpg,,,
galboda_ella_1.jpg,Galboda Ella,https://upload.wikimedia.org/wikipedia/commons/thumb/d/d1/Galboda_Ella.jpg/960px-Galboda_Ella.jpg,,,
sera_ella_falls_1.jpg,Sera Ella,https://upload.wikimedia.org/wikipedia/commons/thumb/e/e4/Sera_Ella_Falls.jpg/960px-Sera_Ella_Falls.jpg,,,
pidurutalagala_1.jpg,Pidurutalagala,https://upload.wikimedia.org/wikipedia/commons/thumb/1/1e/SL_Nuwara_Eliya_asv2020-01_img13_Mount_Pedro.jpg/960px-SL_Nuwara_Eliya_asv2020-01_img13_Mount_Pedro.jpg,,,
lakegala_1.jpg,Lakegala,https://upload.wikimedia.org/wikipedia/commons/thumb/0/06/Lakegala_jpg.jpg/960px-Lakegala_jpg.jpg,,,
hanthana_mountain_range_1.jpg,Hanthana Mountain Range,https://upload.wikimedia.org/wikipedia/commons/thumb/e/ee/Hanthana_Mountain_Range%2C_Sri_Lanka.jpg/960px-Hanthana_Mountain_Range%2C_Sri_Lanka.jpg,,,
great_western_mountain_1.jpg,Great Western Mountain,https://upload.wikimedia.org/wikipedia/commons/thumb/b/b3/Great_Western_Mountain.jpg/960px-Great_Western_Mountain.jpg,,,
jaya_sri_maha_bodhi_1.jpg,Jaya Sri Maha Bodhi,https://upload.wikimedia.org/wikipedia/commons/thumb/b/b1/Sri_Maha_Bodhi%2C_Anuradhapura.jpg/960px-Sri_Maha_Bodhi%2C_Anuradhapura.jpg,,,
rankoth_vehera_1.jpg,Rankoth Vehera,https://upload.wikimedia.org/wikipedia/commons/thumb/2/22/Rankoth_Vehera%2C_Ancient_City_of_Polonnaruwa%2C_Sri_Lanka_%285%29.jpg/960px-Rankoth_Vehera%2C_Ancient_City_of_Polonnaruwa%2C_Sri_Lanka_%285%29.jpg,,,
gal_vihara_1.jpg,Gal Vihara,https://upload.wikimedia.org/wikipedia/commons/thumb/f/f8/Gal_Vihara_-_General.jpg/960px-Gal_Vihara_-_General.jpg,,,
aluvihare_rock_temple_1.jpg,Aluvihare Rock Temple,https://upload.wikimedia.org/wikipedia/commons/thumb/8/8b/Matale_aluviharaya.jpg/960px-Matale_aluviharaya.jpg,,,
nagadeepa_purana_viharaya_1.jpg,Nagadeepa Purana Vihara,https://upload.wikimedia.org/wikipedia/commons/thumb/2/22/Nainathivunakaviharai_2.jpg/960px-Nainathivunakaviharai_2.jpg,,,
malwathu_maha_viharaya_1.jpg,Malwathu Maha Viharaya,https://upload.wikimedia.org/wikipedia/commons/thumb/5/5e/MONASTRY_AT_KANDY_LAKE_SRI_LANKA_JAN_2013_%288900839218%29.jpg/960px-MONASTRY_AT_KANDY_LAKE_SRI_LANKA_JAN_2013_%288900839218%29.jpg,,,
degaldoruwa_raja_maha_viharaya_1.jpg,Degaldoruwa Raja Maha Vihara,https://upload.wikimedia.org/wikipedia/commons/thumb/c/c2/SL_Kandy_asv2020-01_img49_Degaldoruwa_Temple.jpg/960px-SL_Kandy_asv2020-01_img49_Degaldoruwa_Temple.jpg,,,
watadage_1.jpg,Vatadage,https://upload.wikimedia.org/wikipedia/commons/thumb/0/0b/Vatadage_Polonnaruwa_1.jpg/960px-Vatadage_Polonnaruwa_1.jpg,,,
nallur_kandaswamy_kovil_1.jpg,Nallur Kandaswamy temple,https://upload.wikimedia.org/wikipedia/commons/thumb/6/61/Nallur_Kandasamy_front_entrance.jpg/960px-Nallur_Kandasamy_front_entrance.jpg,,,
koneswaram_temple_1.jpg,Koneswaram Temple,https://upload.wikimedia.org/wikipedia/commons/thumb/7/72/Trincomalee%2C_Temple_Koneswaram_consacr%C3%A9_%C3%A0_Vishnou.jpg/960px-Trincomalee%2C_Temple_Koneswaram_consacr%C3%A9_%C3%A0_Vishnou.jpg,,,
naguleswaram_temple_1.jpg,Naguleswaram temple,https://upload.wikimedia.org/wikipedia/commons/thumb/2/27/Corridors_of_the_Naguleswaram_temple.jpg/960px-Corridors_of_the_Naguleswaram_temple.jpg,,,
ketheeswaram_temple_1.jpg,Ketheeswaram temple,https://upload.wikimedia.org/wikipedia/commons/thumb/6/6b/%E0%AE%88%E0%AE%B4%E0%AE%A4%E0%AF%8D%E0%AE%A4%E0%AF%81_%E0%AE%A4%E0%AE%BF%E0%AE%B0%E0%AF%81%E0%AE%95%E0%AF%8D%E0%AE%95%E0%AF%87%E0%AE%A4%E0%AF%80%E0%AE%B8%E0%AF%8D%E0%AE%B5%E0%AE%B0_%E0%AE%86%E0%AE%B2%E0%AE%AF_%E0%AE%95%E0%AF%8B%E0%AE%AA%E0%AF%81%E0%AE%B0%E0%AE%AE%E0%AF%8D_%28%E0%AE%AE%E0%AE%A9%E0%AF%8D%E0%AE%A9%E0%AE%BE%E0%AE%B0%E0%AF%8D%29.jpg/960px-%E0%AE%88%E0%AE%B4%E0%AE%A4%E0%AF%8D%E0%AE%A4%E0%AF%81_%E0%AE%A4%E0%AE%BF%E0%AE%B0%E0%AF%81%E0%AE%95%E0%AF%8D%E0%AE%95%E0%AF%87%E0%AE%A4%E0%AF%80%E0%AE%B8%E0%AF%8D%E0%AE%B5%E0%AE%B0_%E0%AE%86%E0%AE%B2%E0%AE%AF_%E0%AE%95%E0%AF%8B%E0%AE%AA%E0%AF%81%E0%AE%B0%E0%AE%AE%E0%AF%8D_%28%E0%AE%AE%E0%AE%A9%E0%AF%8D%E0%AE%A9%E0%AE%BE%E0%AE%B0%E0%AF%8D%29.jpg,,,
maviddapuram_kandaswamy_temple_1.jpg,Maviddapuram Kandaswamy Temple,https://upload.wikimedia.org/wikipedia/commons/thumb/b/bf/Maviddapuram_Kandaswamy_temple.JPG/960px-Maviddapuram_Kandaswamy_temple.JPG,,,
st._marys_cathedral_1.jpg,St. Mary's Cathedral,https://upload.wikimedia.org/wikipedia/commons/thumb/8/8c/St._Mary%27s_Cathedral%2C_Jaffna.jpg/960px-St._Mary%27s_Cathedral%2C_Jaffna.jpg,,,
st._lucias_cathedral_1.jpg,St. Lucia's Cathedral,https://upload.wikimedia.org/wikipedia/commons/thumb/0/05/SL_Colombo_asv2020-01_img23_StLucia_Church.jpg/960px-SL_Colombo_asv2020-01_img23_StLucia_Church.jpg,,,
st._sebastians_church_1.jpg,St. Sebastian's Church,https://upload.wikimedia.org/wikipedia/commons/thumb/6/6a/Negombo_03.jpg/960px-Negombo_03.jpg,,,
all_saints_church_1.jpg,All Saints Church,https://upload.wikimedia.org/wikipedia/commons/thumb/e/eb/SL_Galle_Fort_asv2020-01_img17.jpg/960px-SL_Galle_Fort_asv2020-01_img17.jpg,,,
holy_trinity_church_1.jpg,Holy Trinity Church,https://upload.wikimedia.org/wikipedia/commons/thumb/d/d7/All_Saints_Church%2C_Nuwara_Eliya_%281%29.jpg/960px-All_Saints_Church%2C_Nuwara_Eliya_%281%29.jpg,,,
jami_ul-alfar_mosque_1.jpg,Jami Ul-Alfar Mosque,https://upload.wikimedia.org/wikipedia/commons/thumb/2/24/SL_Colombo_asv2020-01_img22_Jami_Ul-Alfar_Mosque.jpg/960px-SL_Colombo_asv2020-01_img22_Jami_Ul-Alfar_Mosque.jpg,,,
al_abrar_mosque_1.jpg,Masjid Al-Abrar,https://upload.wikimedia.org/wikipedia/commons/thumb/d/d4/Al_Abrar_Mosque%2C_Beruwala.jpg/960px-Al_Abrar_Mosque%2C_Beruwala.jpg,,,